{"MI/y5vTS/oaV3mVfdLhhYQ==":"mbr.jpg","RySyrkUrrPZPhzdrNWLxhg==":"mbr.jpeg","IedBUMFPy/wdQmKABiOf4g==":"mbr-1.jpg","X30aVRBEqsZY/bFEWmkiVg==":"mbr-2.jpg","YNiXBWgwNOjqA22Dmwqb5g==":"mbr-3.jpg","DrFPsfmeg5oSTFbYnhLeYw==":"mbr-4.jpg","6OY4DwgD2obALVw0F7NFIw==":"mbr-5.jpg","uEGJd4PrLTvFpgfDvYs4Lg==":"mbr-6.jpg","XRDdhODpZEaMtrsqfQDByg==":"mbr-7.jpg","+CFTCwDQuqe5qZvoVm36lQ==":"mbr-8.jpg","JyZAvRAvvX3eGBajq8hBYA==":"mbr-1256x760.jpg","uZH3FXBBJwiWSOaeeGjsiA==":"karysek.png","f/LJ+uSTHKEd1ZiGrjZQOw==":"skinmc-avatar-2.png","/HeIPBA5XFX1J/GqIrLPBg==":"1.16.png","Q6EAnNFJZ6dz9/uy44oimw==":"1.8.png","Ja8qKofR+3a/XziJVlV6MA==":"mbr-3.jpg"}